delete from agent;
delete from client;
delete from investee;
delete from transaction;
delete from advises;
insert into agent values ('956432', 'Barber', 'Janice', '215664');
insert into agent values ('176939', 'Dillahunt', 'Johnnie', '41264');
insert into agent values ('585368', 'Funchess', 'Dennis', '173856');
insert into agent values ('176954', 'Sabin', 'David', '105242');
insert into agent values ('374588', 'Wisniewski', 'Danielle', '118718');
insert into agent values ('941325', 'Kelly', 'Jean', '107122');
insert into agent values ('238660', 'Meadows', 'Jon', '214375');
insert into agent values ('706507', 'Little', 'Katie', '122042');
insert into agent values ('907816', 'Pelletier', 'Bradford', '46926');
insert into agent values ('910305', 'Bent', 'Michele', '124132');
insert into agent values ('390557', 'Guerrero', 'Rebecca', '126284');
insert into agent values ('687318', 'Thompson', 'Joan', '69936');
insert into agent values ('473136', 'Huntsinger', 'Herbert', '150865');
insert into agent values ('471439', 'Burtch', 'Lisa', '124279');
insert into agent values ('724063', 'Agee', 'Crystal', '248366');
insert into agent values ('524624', 'Spillman', 'Willie', '201460');
insert into agent values ('644455', 'Freels', 'Michael', '105294');
insert into agent values ('523008', 'White', 'Fernando', '118602');
insert into agent values ('192385', 'Young', 'Cameron', '220404');
insert into agent values ('193740', 'Stierwalt', 'Jason', '179003');
insert into client values ('241298', 'Osborne', 'Williams', '879049', '-92890');
insert into client values ('682114', 'Schmalz', 'Wagner', '744160', '14316');
insert into client values ('967104', 'Nicholas', 'Brown', '417274', '393203');
insert into client values ('542025', 'Vetter', 'Wilmoth', '315687', '-166816');
insert into client values ('133717', 'Mayer', 'Spicer', '145632', '-140787');
insert into client values ('493707', 'Morris', 'Smith', '847305', '119743');
insert into client values ('321981', 'Hansen', 'Neal', '231123', '429903');
insert into client values ('730462', 'Owens', 'Anderson', '175236', '172275');
insert into client values ('232770', 'Musgrove', 'Rodriguez', '21483', '-292950');
insert into client values ('148337', 'Jones', 'Rowles', '123373', '-392262');
insert into client values ('358752', 'Steward', 'Emmons', '189455', '-312180');
insert into client values ('625112', 'Steele', 'Carlisle', '88909', '435022');
insert into client values ('243443', 'Mckenna', 'Truitt', '447404', '-47042');
insert into client values ('738918', 'Daniels', 'Apple', '52035', '285286');
insert into client values ('957427', 'Morgan', 'Putnam', '88584', '291032');
insert into client values ('400585', 'Jones', 'Jones', '457329', '-42024');
insert into client values ('572219', 'Spencer', 'Oglesby', '410581', '181242');
insert into client values ('948346', 'Sharp', 'Watts', '342608', '-371895');
insert into client values ('730813', 'Delang', 'Houston', '619365', '183099');
insert into client values ('410147', 'Kastner', 'Green', '625897', '-294912');
insert into client values ('829882', 'Pennebaker', 'Martin', '713171', '148541');
insert into client values ('777032', 'Croley', 'Gibney', '786198', '84720');
insert into client values ('610194', 'Dunn', 'Malcom', '89821', '135228');
insert into client values ('331264', 'Ebersole', 'Merrill', '193298', '317032');
insert into client values ('353576', 'Walker', 'Pace', '354285', '43154');
insert into client values ('270221', 'Keyt', 'Brown', '834098', '191904');
insert into client values ('465728', 'Bellas', 'Gandee', '886549', '479238');
insert into client values ('554082', 'Searby', 'Milliken', '787894', '-166322');
insert into client values ('181832', 'Weisser', 'Blair', '848001', '465436');
insert into client values ('770838', 'Finnegan', 'Davis', '512244', '229922');
insert into client values ('748114', 'Amoa', 'Cullins', '842256', '-412805');
insert into client values ('656954', 'Delagarza', 'Palma', '711744', '-200086');
insert into client values ('951434', 'Duffie', 'Rippy', '362369', '-171297');
insert into client values ('519792', 'Averill', 'Herndon', '105544', '96367');
insert into client values ('723548', 'Christie', 'Batty', '451223', '454481');
insert into client values ('252695', 'Sclavi', 'Vance', '116264', '300790');
insert into client values ('454248', 'Nghe', 'Phillips', '459094', '-405412');
insert into client values ('648224', 'Mcgray', 'Greenlee', '410270', '-401033');
insert into client values ('911505', 'Hudson', 'Kauffman', '8876', '423247');
insert into client values ('234196', 'Clukey', 'New', '522403', '366478');
insert into client values ('153330', 'Busse', 'Poli', '408435', '423531');
insert into client values ('766760', 'Coley', 'Moody', '279707', '378390');
insert into client values ('164484', 'Schroeter', 'Ponce', '94623', '453221');
insert into client values ('220827', 'Dunn', 'Perez', '741274', '-187384');
insert into client values ('677169', 'Daly', 'Buchholtz', '271345', '28776');
insert into client values ('937135', 'Logiudice', 'Richardson', '804751', '278798');
insert into client values ('257622', 'Rogers', 'Gregg', '358324', '-59996');
insert into client values ('529168', 'Gilbert', 'Reiter', '322399', '-147469');
insert into client values ('266072', 'Wall', 'Alvares', '893204', '-184762');
insert into client values ('755499', 'Miller', 'Grose', '819579', '-271733');
insert into advises values ('706507', '400585');
insert into advises values ('644455', '770838');
insert into advises values ('238660', '625112');
insert into advises values ('706507', '153330');
insert into advises values ('176939', '766760');
insert into advises values ('523008', '465728');
insert into advises values ('585368', '266072');
insert into advises values ('374588', '656954');
insert into advises values ('238660', '252695');
insert into advises values ('176939', '331264');
insert into advises values ('644455', '766760');
insert into advises values ('176954', '677169');
insert into advises values ('176954', '748114');
insert into advises values ('390557', '148337');
insert into advises values ('706507', '542025');
insert into advises values ('706507', '270221');
insert into advises values ('706507', '241298');
insert into advises values ('471439', '148337');
insert into advises values ('176954', '220827');
insert into advises values ('193740', '353576');
insert into advises values ('724063', '777032');
insert into advises values ('941325', '331264');
insert into advises values ('585368', '957427');
insert into advises values ('524624', '554082');
insert into advises values ('238660', '181832');
insert into advises values ('644455', '234196');
insert into advises values ('193740', '266072');
insert into advises values ('238660', '738918');
insert into advises values ('706507', '730462');
insert into advises values ('524624', '266072');
insert into advises values ('687318', '777032');
insert into advises values ('471439', '730813');
insert into advises values ('687318', '252695');
insert into advises values ('724063', '232770');
insert into advises values ('192385', '829882');
insert into advises values ('524624', '770838');
insert into advises values ('941325', '454248');
insert into advises values ('193740', '181832');
insert into advises values ('390557', '777032');
insert into advises values ('910305', '358752');
insert into advises values ('724063', '730813');
insert into advises values ('374588', '937135');
insert into advises values ('644455', '410147');
insert into advises values ('176954', '148337');
insert into advises values ('192385', '748114');
insert into advises values ('238660', '181832');
insert into advises values ('193740', '331264');
insert into advises values ('706507', '777032');
insert into advises values ('523008', '220827');
insert into advises values ('193740', '181832');
insert into advises values ('390557', '257622');
insert into advises values ('585368', '738918');
insert into advises values ('941325', '454248');
insert into advises values ('687318', '465728');
insert into advises values ('471439', '529168');
insert into advises values ('907816', '730462');
insert into advises values ('471439', '243443');
insert into advises values ('907816', '829882');
insert into advises values ('644455', '554082');
insert into advises values ('907816', '181832');
insert into advises values ('724063', '454248');
insert into advises values ('956432', '321981');
insert into advises values ('390557', '554082');
insert into advises values ('907816', '937135');
insert into advises values ('390557', '730813');
insert into advises values ('687318', '542025');
insert into advises values ('471439', '164484');
insert into advises values ('644455', '465728');
insert into advises values ('941325', '723548');
insert into advises values ('471439', '454248');
insert into advises values ('193740', '656954');
insert into advises values ('523008', '730462');
insert into advises values ('910305', '454248');
insert into advises values ('941325', '572219');
insert into advises values ('192385', '948346');
insert into advises values ('523008', '911505');
insert into advises values ('192385', '738918');
insert into advises values ('238660', '948346');
insert into advises values ('193740', '829882');
insert into advises values ('585368', '331264');
insert into advises values ('523008', '610194');
insert into advises values ('374588', '755499');
insert into advises values ('176939', '358752');
insert into advises values ('374588', '610194');
insert into advises values ('524624', '243443');
insert into advises values ('176954', '220827');
insert into advises values ('956432', '220827');
insert into advises values ('192385', '957427');
insert into advises values ('585368', '331264');
insert into advises values ('724063', '738918');
insert into advises values ('390557', '243443');
insert into advises values ('176939', '266072');
insert into advises values ('193740', '766760');
insert into advises values ('585368', '572219');
insert into advises values ('238660', '911505');
insert into advises values ('176939', '164484');
insert into advises values ('724063', '241298');
insert into advises values ('524624', '270221');
insert into advises values ('193740', '554082');
insert into advises values ('644455', '777032');
insert into investee values ('965763', 'Pierce-Soto', '8.05006199265e+11', '796.96256875');
insert into investee values ('716489', 'Woodard-Sharum', '7.96852033075e+11', '288.664501687');
insert into investee values ('124960', 'Novakovich-Blackmon', '3.49967341246e+11', '271.570280691');
insert into investee values ('642969', 'Meekins-Malone', '9.75636308623e+11', '718.079370309');
insert into investee values ('610998', 'Baseler-Hartley', '7.96889902751e+11', '981.479210573');
insert into investee values ('954547', 'Pel-Ellis', '2.77753546025e+11', '502.124097324');
insert into investee values ('687125', 'Burton-Gooch', '9.79700068022e+11', '850.89733879');
insert into investee values ('771871', 'Clark-Brandt', '5.643683421e+11', '247.694046366');
insert into investee values ('425328', 'Smith-Wilkie', '2.15308930983e+11', '866.550382771');
insert into investee values ('927819', 'Kim-King', '3.39159637395e+11', '187.872280696');
insert into investee values ('239385', 'Rollins-Masse', '6.99249130091e+11', '289.988347177');
insert into investee values ('231580', 'Howard-Mcmaster', '2.14722716233e+11', '928.512002131');
insert into investee values ('822085', 'Barnes-Langford', '14373239159.0', '898.849221271');
insert into investee values ('976950', 'Landing-Bankston', '8.81828831164e+11', '30.0381835873');
insert into investee values ('689623', 'Jawad-Bates', '2.62897203389e+11', '264.047216262');
insert into investee values ('458328', 'Wilkerson-Jemison', '2.37191500015e+11', '525.398628655');
insert into investee values ('773976', 'Herrera-Lopez', '1.76611703832e+11', '316.09921726');
insert into investee values ('278570', 'Flowers-Traynor', '9.67600007206e+11', '347.558380176');
insert into investee values ('332605', 'Misiaszek-Mullins', '2.74519950666e+11', '637.860669246');
insert into investee values ('127471', 'Mckay-Mccaskin', '1.35369315167e+11', '400.455287071');
insert into investee values ('208801', 'Hicks-Sanchez', '6.31292501413e+11', '958.652152394');
insert into investee values ('558160', 'Prout-Askew', '2.22132317409e+11', '610.104366409');
insert into investee values ('267360', 'Flores-Johnson', '4.32931635903e+11', '548.019796164');
insert into investee values ('294005', 'Taylor-Edwards', '4.92849372138e+11', '522.33643102');
insert into investee values ('403616', 'Jones-Hernandez', '2.45464157503e+11', '236.054967253');
insert into investee values ('183066', 'Cardona-Durham', '6.26271877832e+11', '790.387313958');
insert into investee values ('603143', 'Meaney-Salinas', '4.17687790412e+11', '438.775586481');
insert into investee values ('563484', 'Green-Carter', '1.92636153393e+11', '558.676924815');
insert into investee values ('324609', 'Flax-Ireland', '1.03978873224e+11', '362.86737788');
insert into investee values ('804676', 'Kouba-Kuhn', '5.27703216185e+11', '184.057158652');
insert into transaction values ('363483', '473136', '777032', '267360', '6670.17557712', '839.728474611', '168034.090883', '2', '9', '2001');
insert into transaction values ('298139', '687318', '911505', '773976', '7093.46222941', '710.432152898', '151182.709294', '16', '1', '2013');
insert into transaction values ('697412', '192385', '148337', '610998', '4570.05904645', '396.514213853', '54362.8011019', '31', '8', '2005');
insert into transaction values ('508103', '941325', '529168', '603143', '1928.13629388', '450.530543095', '26060.5287493', '2', '3', '2004');
insert into transaction values ('709870', '238660', '232770', '773976', '354.702669427', '564.553355461', '6007.45746649', '11', '7', '2010');
insert into transaction values ('890744', '473136', '353576', '239385', '6590.48362757', '411.891207348', '81436.8677511', '22', '12', '2005');
insert into transaction values ('153936', '941325', '133717', '239385', '4221.37489089', '220.061153509', '27868.8188365', '19', '2', '2013');
insert into transaction values ('372534', '176954', '777032', '231580', '7446.94060299', '709.993524102', '158618.388075', '25', '8', '2013');
insert into transaction values ('539233', '176939', '937135', '124960', '1796.29187583', '94.4771381233', '5091.25546989', '24', '2', '2012');
insert into transaction values ('759415', '907816', '493707', '976950', '8731.23126767', '626.663502165', '164146.318932', '20', '12', '2013');
insert into transaction values ('478033', '390557', '257622', '603143', '6527.97939823', '49.0831519731', '9612.41414642', '29', '1', '2002');
insert into transaction values ('639039', '176939', '656954', '127471', '2031.8913527', '680.626110416', '41488.7492452', '29', '2', '2005');
insert into transaction values ('489354', '910305', '234196', '965763', '3149.10585561', '224.759032386', '21233.6995496', '2', '4', '2016');
insert into transaction values ('336980', '374588', '266072', '231580', '3932.27098191', '150.986067055', '17811.5439046', '3', '11', '2007');
insert into transaction values ('586619', '471439', '529168', '127471', '6121.19810588', '778.876180357', '143029.661998', '29', '11', '2010');
insert into transaction values ('810880', '193740', '911505', '954547', '9541.69734214', '199.549371359', '57121.1911897', '22', '12', '2004');
insert into transaction values ('956461', '473136', '241298', '294005', '1119.27577308', '534.861408944', '17959.7225097', '15', '3', '2013');
insert into transaction values ('633625', '644455', '358752', '603143', '5151.29541794', '598.586921212', '92504.9419342', '22', '2', '2000');
insert into transaction values ('238963', '390557', '738918', '954547', '710.517877736', '884.478007662', '18853.1231072', '13', '10', '2005');
insert into transaction values ('120082', '390557', '777032', '278570', '4326.85765003', '342.274569627', '44429.2002', '11', '3', '2015');
insert into transaction values ('603807', '687318', '829882', '716489', '5184.20245428', '101.074536648', '15719.7258286', '5', '1', '2001');
insert into transaction values ('141494', '956432', '677169', '642969', '8341.32554405', '90.8865686583', '22743.4337028', '9', '7', '2014');
insert into transaction values ('465983', '585368', '270221', '927819', '2795.8036784', '149.478497286', '12537.3759767', '14', '9', '2011');
insert into transaction values ('304526', '523008', '220827', '124960', '9219.21702606', '749.144827757', '207195.862531', '27', '7', '2007');
insert into transaction values ('230147', '192385', '957427', '610998', '6221.13691541', '432.639361821', '80745.2611465', '8', '4', '2012');
insert into transaction values ('196725', '907816', '766760', '425328', '4145.00062073', '990.068159875', '123114.994118', '1', '8', '2003');
insert into transaction values ('553814', '390557', '410147', '127471', '4585.33026715', '958.24376176', '131815.923723', '16', '8', '2005');
insert into transaction values ('553208', '473136', '625112', '332605', '4682.76630842', '79.3418981187', '11146.1870207', '30', '5', '2001');
insert into transaction values ('709226', '941325', '493707', '127471', '69.9377146423', '273.145851021', '573.095897532', '23', '4', '2008');
insert into transaction values ('115209', '176954', '181832', '563484', '3273.06754004', '825.865715626', '81093.4279874', '11', '10', '2002');
insert into transaction values ('460339', '390557', '454248', '558160', '5024.88321575', '481.845745713', '72636.5580064', '3', '11', '2009');
insert into transaction values ('190376', '176939', '748114', '332605', '3066.04137045', '174.342509117', '16036.2403674', '15', '8', '2005');
insert into transaction values ('414252', '907816', '243443', '689623', '5682.45788372', '963.979135897', '164333.125216', '16', '9', '2006');
insert into transaction values ('894810', '238660', '542025', '124960', '6862.24201447', '67.7692287094', '13951.4654561', '9', '8', '2012');
insert into transaction values ('772895', '524624', '243443', '563484', '9604.06600536', '369.360103446', '106420.764397', '2', '5', '2010');
insert into transaction values ('112910', '192385', '400585', '183066', '5980.43765797', '700.310511961', '125644.90074', '24', '5', '2013');
insert into transaction values ('883335', '471439', '951434', '771871', '248.11049977', '541.07579335', '4027.39756505', '29', '4', '2004');
insert into transaction values ('623987', '687318', '493707', '403616', '7416.82798363', '880.07826008', '195821.672015', '26', '11', '2009');
insert into transaction values ('887072', '176954', '148337', '332605', '9324.71524546', '757.732438857', '211969.176738', '14', '10', '2015');
insert into transaction values ('469727', '687318', '243443', '716489', '8953.50931447', '368.562923784', '98997.9471321', '8', '9', '2012');
insert into transaction values ('376018', '193740', '257622', '458328', '8341.00821749', '749.451636186', '187535.467681', '9', '10', '2008');
insert into transaction values ('252754', '644455', '241298', '124960', '9331.40133288', '720.930952299', '201818.881476', '19', '9', '2002');
insert into transaction values ('393662', '374588', '148337', '208801', '9609.3392976', '67.0667126692', '19334.0039284', '4', '1', '2016');
insert into transaction values ('415574', '724063', '948346', '687125', '5260.76749543', '471.743200087', '74451.9387963', '23', '1', '2003');
insert into transaction values ('497885', '523008', '220827', '278570', '9120.44559767', '734.203947371', '200888.014788', '6', '10', '2005');
insert into transaction values ('599807', '907816', '948346', '642969', '6081.93213069', '477.246504647', '87077.4255262', '12', '10', '2007');
insert into transaction values ('831300', '907816', '951434', '773976', '7062.10469336', '821.581379788', '174062.811545', '22', '5', '2010');
insert into transaction values ('517873', '644455', '682114', '332605', '4261.50492857', '96.042693126', '12278.5923033', '31', '3', '2010');
insert into transaction values ('851334', '941325', '730813', '231580', '5787.45884988', '268.893877062', '46686.3674544', '17', '11', '2013');
insert into transaction values ('891850', '523008', '148337', '822085', '3887.34479378', '656.221094871', '76528.7297015', '6', '5', '2004');
insert into transaction values ('192624', '390557', '911505', '332605', '8239.01026131', '526.876126694', '130228.134428', '21', '11', '2015');
insert into transaction values ('114588', '524624', '625112', '642969', '6801.48755196', '136.812824268', '27915.9216361', '23', '9', '2001');
insert into transaction values ('260287', '706507', '181832', '804676', '4324.49905703', '464.72116431', '60290.5871052', '9', '4', '2007');
insert into transaction values ('139430', '176954', '967104', '804676', '8763.01712863', '15.3268651632', '4029.28745861', '23', '5', '2016');
insert into transaction values ('795325', '687318', '957427', '458328', '9036.41450027', '671.8262253', '182127.007319', '19', '12', '2010');
insert into transaction values ('277447', '192385', '730813', '278570', '3385.46873025', '110.839656368', '11257.3257212', '25', '9', '2013');
insert into transaction values ('330923', '585368', '529168', '267360', '926.493728586', '865.277619142', '24050.2286286', '28', '12', '2004');
insert into transaction values ('767385', '523008', '153330', '804676', '1614.11668506', '350.554986994', '16975.0996061', '18', '2', '2016');
insert into transaction values ('492710', '374588', '911505', '294005', '1513.01190089', '985.787001473', '44745.2239491', '3', '1', '2014');
insert into transaction values ('778581', '390557', '677169', '927819', '3863.03621933', '347.537151159', '40276.4580747', '1', '7', '2008');
insert into transaction values ('784082', '176939', '951434', '603143', '6130.57929343', '758.6324155', '139525.685334', '27', '7', '2009');
insert into transaction values ('206143', '524624', '133717', '458328', '8073.96618735', '544.780631722', '131956.212001', '24', '12', '2003');
insert into transaction values ('615618', '687318', '148337', '822085', '7426.25275267', '499.961428639', '111385.19807', '27', '2', '2003');
insert into transaction values ('266321', '473136', '610194', '124960', '3989.11068942', '840.062194389', '100533.032382', '14', '2', '2012');
insert into transaction values ('332998', '956432', '770838', '267360', '4123.58331517', '180.32073646', '22307.0274074', '25', '5', '2015');
insert into transaction values ('742069', '724063', '766760', '278570', '3461.76126711', '402.674506092', '41818.8902533', '5', '3', '2001');
insert into transaction values ('666613', '473136', '682114', '458328', '6822.56693942', '996.327275668', '203925.285954', '20', '3', '2009');
insert into transaction values ('908649', '706507', '911505', '425328', '8235.15826315', '231.383390627', '57164.3652384', '11', '7', '2013');
insert into transaction values ('986250', '724063', '410147', '603143', '7170.04262758', '439.411840296', '94518.0487795', '22', '1', '2003');
insert into transaction values ('151793', '956432', '829882', '231580', '7623.51229078', '236.964155412', '54194.9745379', '15', '10', '2008');
insert into transaction values ('874680', '238660', '723548', '610998', '4869.33707153', '850.768340471', '124280.334586', '16', '1', '2003');
insert into transaction values ('900752', '910305', '948346', '610998', '447.395910236', '249.123466259', '3343.70459845', '26', '9', '2014');
insert into transaction values ('874663', '176954', '400585', '124960', '7806.49206261', '244.592849289', '57282.3640963', '20', '12', '2004');
insert into transaction values ('246471', '524624', '243443', '183066', '4979.74530124', '49.9434121303', '7461.1641565', '21', '4', '2010');
insert into transaction values ('689341', '473136', '529168', '976950', '3830.25271286', '565.004990421', '64923.3569202', '3', '2', '2014');
insert into transaction values ('626968', '724063', '829882', '804676', '1142.52386392', '761.561474', '26103.0647367', '27', '5', '2007');
insert into transaction values ('262503', '193740', '243443', '425328', '3184.94063746', '749.596479186', '71622.6086477', '23', '7', '2001');
insert into transaction values ('535663', '523008', '241298', '278570', '438.929004184', '104.80399021', '1380.04533172', '12', '8', '2000');
insert into transaction values ('163669', '374588', '266072', '822085', '3675.33537815', '697.305223535', '76884.9167227', '2', '4', '2002');
insert into transaction values ('993058', '585368', '911505', '425328', '5518.31583491', '617.22902803', '102181.941574', '21', '10', '2014');
insert into transaction values ('561136', '956432', '572219', '558160', '9559.41293457', '544.740838305', '156222.07847', '9', '3', '2004');
insert into transaction values ('867899', '941325', '243443', '324609', '5423.98702015', '810.549792651', '131892.346636', '24', '5', '2002');
insert into transaction values ('911744', '687318', '465728', '239385', '1430.79092158', '672.305915136', '28857.875997', '31', '10', '2002');
insert into transaction values ('453357', '941325', '648224', '124960', '3284.63341661', '445.9457303', '43943.0474321', '12', '4', '2001');
insert into transaction values ('745103', '585368', '770838', '294005', '8141.84533332', '174.923253888', '42725.9423507', '14', '2', '2003');
insert into transaction values ('531506', '238660', '777032', '558160', '8868.44247621', '252.110169899', '67074.7361824', '16', '2', '2003');
insert into transaction values ('387274', '524624', '400585', '278570', '1130.14381924', '693.301565612', '23505.9143774', '22', '2', '2009');
insert into transaction values ('580712', '192385', '358752', '183066', '8938.34134848', '146.512027817', '39287.2354887', '26', '12', '2009');
insert into transaction values ('461667', '956432', '243443', '183066', '7942.66064706', '449.123350725', '107017.030904', '28', '8', '2014');
insert into transaction values ('898160', '907816', '266072', '208801', '6953.71958749', '636.170835417', '132712.607977', '10', '2', '2014');
insert into transaction values ('124740', '192385', '682114', '689623', '6499.46084464', '296.193398586', '57752.9218965', '2', '9', '2007');
insert into transaction values ('245027', '907816', '529168', '642969', '6046.44337618', '481.830400574', '87400.8070199', '30', '1', '2000');
insert into transaction values ('141282', '390557', '493707', '689623', '5719.94351644', '190.369845306', '32667.1428716', '3', '3', '2005');
insert into transaction values ('888449', '193740', '410147', '127471', '4052.87981136', '432.476009782', '52583.1986683', '18', '10', '2007');
insert into transaction values ('268054', '724063', '542025', '603143', '7648.15107903', '434.27496933', '99642.0172582', '7', '9', '2010');
insert into transaction values ('305521', '374588', '519792', '642969', '1700.71043078', '756.20774598', '38582.7120429', '3', '9', '2012');
insert into transaction values ('809162', '524624', '951434', '563484', '7071.34944932', '897.640559243', '190425.902229', '1', '7', '2012');
insert into transaction values ('515914', '687318', '542025', '954547', '7681.41868322', '56.3834048848', '12993.1361912', '27', '11', '2011');
insert into transaction values ('914608', '523008', '748114', '239385', '1618.7584569', '181.8727316', '8832.24067071', '24', '3', '2005');
insert into transaction values ('322093', '956432', '454248', '278570', '3585.27733104', '202.502469922', '21780.8254467', '25', '1', '2001');
insert into transaction values ('955951', '585368', '519792', '208801', '7793.09479931', '212.654136875', '49717.0154439', '7', '2', '2000');
insert into transaction values ('435939', '176939', '625112', '183066', '6352.26496475', '723.026010065', '137785.58377', '8', '3', '2007');
insert into transaction values ('248432', '585368', '730462', '716489', '5327.7270999', '724.455047886', '115790.963739', '18', '7', '2006');
insert into transaction values ('927758', '687318', '542025', '127471', '5925.33829116', '120.543495566', '21427.8297008', '12', '10', '2003');
insert into transaction values ('364808', '473136', '542025', '278570', '1582.87704494', '879.884279321', '41782.4588382', '19', '5', '2004');
insert into transaction values ('154947', '523008', '353576', '425328', '3351.23459107', '318.073572986', '31978.1748089', '15', '1', '2009');
insert into transaction values ('132194', '193740', '755499', '965763', '8711.82575391', '786.566180452', '205572.82524', '2', '6', '2005');
insert into transaction values ('498966', '644455', '410147', '716489', '5489.78452886', '57.6883081781', '9500.89145196', '29', '3', '2005');
insert into transaction values ('152067', '524624', '181832', '642969', '5184.27943176', '569.167580793', '88521.7134697', '28', '9', '2016');
insert into transaction values ('598925', '687318', '454248', '603143', '922.1877163', '85.9593661722', '2378.12014755', '17', '4', '2013');
insert into transaction values ('725329', '176939', '766760', '183066', '1906.73305424', '257.657677737', '14738.5323246', '3', '7', '2015');
insert into transaction values ('794427', '644455', '148337', '332605', '5784.52484106', '723.592551757', '125569.172713', '16', '9', '2006');
insert into transaction values ('502304', '193740', '164484', '458328', '735.003791032', '51.2215927036', '1129.4419446', '18', '8', '2004');
insert into transaction values ('236452', '585368', '766760', '403616', '2571.45238369', '603.721855151', '46573.2601054', '30', '4', '2016');
insert into transaction values ('244924', '390557', '829882', '403616', '7608.28330041', '703.884763309', '160660.640703', '18', '11', '2002');
insert into transaction values ('323814', '238660', '400585', '124960', '9200.00136777', '125.202656598', '34555.9383586', '8', '3', '2001');
insert into transaction values ('503915', '471439', '957427', '976950', '5868.52752612', '315.730932297', '55586.270011', '28', '3', '2004');
insert into transaction values ('963815', '910305', '454248', '124960', '1511.74667749', '764.03863307', '34650.9859506', '24', '9', '2011');
insert into transaction values ('254227', '374588', '682114', '822085', '6421.01300257', '548.765502743', '105708.912854', '1', '4', '2015');
insert into transaction values ('869548', '390557', '730813', '603143', '2278.57678483', '357.214318051', '24418.2075696', '25', '10', '2000');
insert into transaction values ('346772', '585368', '755499', '558160', '1355.28036861', '181.824075967', '7392.67802093', '14', '4', '2004');
insert into transaction values ('432800', '390557', '648224', '267360', '9009.89558901', '94.6250889836', '25576.8651553', '25', '9', '2005');
insert into transaction values ('931178', '724063', '153330', '127471', '8066.88450504', '469.513913599', '113625.435435', '3', '11', '2013');
insert into transaction values ('925269', '706507', '133717', '954547', '3240.76602856', '605.313398748', '58850.3729788', '3', '12', '2005');
insert into transaction values ('966734', '724063', '957427', '208801', '5936.1608011', '44.9787717376', '8010.03665011', '6', '3', '2007');
insert into transaction values ('287305', '524624', '358752', '294005', '8462.42540089', '159.139685566', '40401.2315228', '3', '4', '2000');
insert into transaction values ('846064', '176939', '967104', '208801', '8582.50945612', '93.8904985139', '24174.4827401', '6', '7', '2000');
insert into transaction values ('168850', '176939', '572219', '324609', '7545.81225783', '825.875547184', '186957.054821', '20', '4', '2007');
insert into transaction values ('156295', '585368', '770838', '771871', '4676.16354482', '319.485549836', '44819.0004372', '21', '4', '2004');
insert into transaction values ('427762', '585368', '755499', '642969', '6954.53902367', '336.515937043', '70209.3964876', '28', '10', '2014');
insert into transaction values ('946929', '193740', '133717', '716489', '7988.28063861', '589.490491248', '141270.464336', '10', '9', '2010');
insert into transaction values ('509921', '193740', '554082', '563484', '2081.19333767', '557.126354028', '34784.6296874', '22', '3', '2000');
insert into transaction values ('606940', '644455', '270221', '689623', '8758.56596256', '299.379647395', '78664.0916866', '20', '11', '2003');
insert into transaction values ('353081', '193740', '755499', '773976', '6902.56791797', '929.268903', '192430.25151', '31', '1', '2010');
insert into transaction values ('352427', '192385', '829882', '267360', '6263.98458639', '838.466320926', '157564.203315', '7', '9', '2015');
insert into transaction values ('193639', '687318', '723548', '687125', '2811.47862657', '726.107322018', '61243.0564934', '12', '1', '2010');
insert into transaction values ('531927', '941325', '610194', '458328', '9372.55147664', '572.178922087', '160883.292033', '4', '8', '2004');
insert into transaction values ('404093', '471439', '465728', '208801', '1835.96710215', '929.216882201', '51180.3487944', '9', '12', '2002');
insert into transaction values ('522337', '192385', '252695', '267360', '9702.93113403', '118.760038421', '34569.6142281', '20', '3', '2009');
insert into transaction values ('420772', '724063', '829882', '332605', '9583.59216405', '272.873650972', '78453.293497', '22', '8', '2012');
insert into transaction values ('605329', '473136', '730462', '804676', '7460.37044275', '329.601180545', '73768.4071569', '15', '8', '2002');
insert into transaction values ('389423', '176939', '770838', '458328', '905.487397764', '918.043620516', '24938.3078692', '20', '4', '2006');
insert into transaction values ('633750', '176954', '529168', '689623', '9586.77786902', '721.034109751', '207371.815385', '14', '6', '2007');
insert into transaction values ('338991', '941325', '153330', '773976', '4760.30396215', '483.038793832', '68982.3445245', '14', '6', '2011');
insert into transaction values ('181682', '390557', '133717', '558160', '1523.7987397', '468.750074021', '21428.4231608', '28', '5', '2005');
insert into transaction values ('948080', '238660', '610194', '267360', '1346.14512642', '304.324219291', '12289.9369395', '4', '5', '2007');
insert into transaction values ('921562', '910305', '519792', '822085', '9199.32632493', '385.507434705', '106392.260776', '10', '5', '2011');
insert into transaction values ('353814', '687318', '723548', '689623', '2485.38271192', '893.127492459', '66592.908879', '5', '9', '2011');
insert into transaction values ('199840', '192385', '331264', '716489', '4894.28578408', '965.23426034', '141723.96956', '8', '4', '2007');
insert into transaction values ('813131', '238660', '234196', '965763', '7245.56012819', '123.850495008', '26920.9862545', '19', '8', '2007');
insert into transaction values ('259792', '193740', '770838', '687125', '1232.69870032', '789.88059291', '29210.5434087', '13', '1', '2002');
insert into transaction values ('788026', '941325', '542025', '927819', '2264.00308122', '48.7640728773', '3312.06033741', '28', '1', '2009');
insert into transaction values ('471305', '644455', '358752', '822085', '5018.41483223', '887.840896373', '133666.617691', '20', '8', '2014');
insert into transaction values ('138338', '176954', '220827', '267360', '502.037869795', '145.70547457', '2194.48998212', '23', '12', '2015');
insert into transaction values ('690613', '907816', '610194', '124960', '3807.10917381', '983.797507955', '112362.735531', '2', '3', '2016');
insert into transaction values ('414960', '524624', '153330', '324609', '9426.54052612', '601.758940982', '170175.151324', '7', '5', '2000');
insert into transaction values ('423659', '687318', '610194', '403616', '1442.12638544', '776.326732763', '33586.8379511', '28', '7', '2014');
insert into transaction values ('569821', '473136', '542025', '771871', '4614.0281919', '238.506835397', '33014.3178744', '3', '4', '2002');
insert into transaction values ('932679', '706507', '957427', '332605', '2411.06201716', '400.764876034', '28988.0691125', '28', '8', '2013');
insert into transaction values ('123653', '176954', '770838', '716489', '476.498643459', '601.120440492', '8592.99223349', '23', '1', '2008');
insert into transaction values ('757796', '238660', '270221', '208801', '8289.95927469', '818.447654073', '203546.931622', '21', '1', '2014');
insert into transaction values ('438489', '523008', '331264', '324609', '9470.34080876', '775.642358179', '220367.92433', '4', '9', '2000');
insert into transaction values ('813542', '471439', '948346', '425328', '4217.63504113', '838.709743784', '106121.148142', '12', '8', '2008');
insert into transaction values ('543138', '473136', '748114', '804676', '2394.0195514', '214.845776639', '15430.3496943', '13', '11', '2010');
insert into transaction values ('201281', '192385', '410147', '603143', '7203.42721746', '125.30317151', '27078.3682826', '6', '6', '2014');
insert into transaction values ('182787', '176939', '519792', '458328', '7838.74210307', '227.635063111', '53531.1766004', '14', '8', '2007');
insert into transaction values ('318490', '687318', '948346', '965763', '6053.37312256', '532.064793991', '96623.6017022', '8', '3', '2013');
insert into transaction values ('638028', '956432', '648224', '332605', '2356.20844309', '676.282378977', '47803.8675377', '21', '11', '2004');
insert into transaction values ('441193', '473136', '948346', '183066', '5448.33539792', '270.4731006', '44208.8450456', '13', '4', '2002');
insert into transaction values ('610412', '523008', '252695', '403616', '536.332212768', '668.211310948', '10751.4975299', '18', '9', '2001');
insert into transaction values ('483239', '374588', '243443', '332605', '1836.62472994', '214.61256933', '11824.8825656', '23', '4', '2005');
insert into transaction values ('833704', '193740', '410147', '127471', '6597.46469793', '464.847045324', '92004.3591439', '12', '5', '2002');
insert into transaction values ('402007', '910305', '738918', '403616', '3657.35402138', '199.597495576', '21899.9610931', '7', '7', '2001');
insert into transaction values ('946808', '524624', '220827', '458328', '2152.32268036', '893.393284478', '57686.1188598', '30', '6', '2015');
insert into transaction values ('767486', '471439', '266072', '689623', '6005.9233357', '20.3958761233', '3674.88205083', '25', '7', '2006');
insert into transaction values ('396630', '706507', '410147', '294005', '4617.44374085', '27.6782404522', '3834.081544', '3', '12', '2011');
insert into transaction values ('393809', '910305', '656954', '965763', '9992.50802889', '348.905572991', '104593.252183', '19', '8', '2002');
insert into transaction values ('199816', '687318', '164484', '124960', '2807.97541482', '394.708984542', '33249.9937381', '15', '6', '2007');
insert into transaction values ('360974', '471439', '951434', '965763', '7489.20174988', '709.16578607', '159332.56938', '24', '6', '2004');
insert into transaction values ('589304', '390557', '133717', '603143', '3614.83196413', '219.658984336', '23820.9095336', '27', '1', '2004');
insert into transaction values ('950004', '524624', '410147', '324609', '37.5843767145', '552.666152068', '623.1483857', '15', '2', '2015');
insert into transaction values ('356117', '687318', '777032', '965763', '9893.53559174', '597.580436072', '177365.499396', '23', '2', '2013');
insert into transaction values ('732495', '192385', '829882', '773976', '8684.19378747', '945.375513309', '246294.724785', '31', '8', '2005');
insert into transaction values ('766611', '907816', '610194', '603143', '6110.14655871', '974.102051008', '178557.188844', '7', '6', '2001');
insert into transaction values ('650558', '193740', '353576', '965763', '5994.08651827', '607.780994201', '109292.755902', '29', '5', '2004');
insert into transaction values ('923600', '176954', '353576', '927819', '3069.90624973', '301.307328799', '27749.5575531', '17', '12', '2000');
insert into transaction values ('995225', '706507', '270221', '183066', '8842.48088034', '345.154019839', '91560.534636', '4', '4', '2004');
insert into transaction values ('447591', '192385', '554082', '458328', '4753.7417236', '276.101682029', '39375.4825745', '4', '6', '2014');
insert into transaction values ('824446', '193740', '572219', '563484', '9581.64595514', '98.0338918097', '28179.7812877', '26', '2', '2012');
insert into transaction values ('462733', '644455', '951434', '603143', '5941.58858156', '773.00955547', '137787.142447', '31', '5', '2004');
insert into transaction values ('932498', '523008', '738918', '183066', '6339.44242432', '341.851711521', '65014.4772853', '4', '3', '2000');
insert into transaction values ('147388', '192385', '738918', '771871', '6874.81884746', '400.507088953', '82602.4105103', '22', '6', '2012');
insert into transaction values ('160498', '176939', '610194', '183066', '9325.38199736', '441.1037666', '123403.83372', '20', '7', '2013');
insert into transaction values ('374216', '910305', '133717', '208801', '9449.82825155', '135.948089509', '38540.5829097', '18', '11', '2000');
insert into transaction values ('555264', '471439', '777032', '773976', '1448.5302236', '939.075992771', '40808.3987336', '24', '12', '2015');
insert into transaction values ('549524', '176954', '723548', '954547', '902.086778655', '9.83018767789', '266.030470078', '22', '1', '2002');
insert into transaction values ('851049', '687318', '554082', '425328', '3488.34528062', '623.194518494', '65217.5297249', '10', '9', '2015');
insert into transaction values ('886977', '176939', '572219', '231580', '4181.79612561', '753.798160463', '94566.9068074', '16', '7', '2016');
insert into transaction values ('981480', '193740', '257622', '558160', '5649.87806778', '104.619273274', '17732.5841261', '8', '11', '2003');
insert into transaction values ('385674', '941325', '951434', '927819', '5855.35319418', '35.7379034947', '6277.74142143', '24', '6', '2008');
