delete from agent;
delete from client;
delete from investee;
delete from transaction;
delete from advises;
insert into agent values ('267936', 'leucqlisvrbavimpk', 'unudwrjbetzwzcpwmnsi', '88460');
insert into agent values ('777044', 'huusoqvtyylv', 'flyvtrjheglqwxszz', '141407');
insert into agent values ('126838', 'agthzel', 'degmgzovexkcylgrr', '94186');
insert into agent values ('394474', 'puhfskenvbozlnx', 'klvdrfq', '170137');
insert into agent values ('734408', 'tgmdzubgrbuborey', 'kusxhekrwalajof', '111859');
insert into agent values ('823178', 'uqrufdfcmcqahnkaaneq', 'msbyyt', '30449');
insert into agent values ('796520', 'gazgufcwaqzsc', 'kijwpxl', '128669');
insert into agent values ('625710', 'oqgntruz', 'dirvgydgdviksngdicex', '164347');
insert into agent values ('439468', 'pfimkkgdfewvaloagph', 'zdgelo', '172319');
insert into agent values ('885103', 'oiretxontbfpekvpmuvd', 'prjhbkfqawjduuybwb', '160629');
insert into agent values ('333897', 'fxxibpxenznixpuihe', 'hiessxpkrfhaa', '155533');
insert into agent values ('122759', 'ndskemovdhgxdzyxlfw', 'nzkwqlxzujwgj', '206253');
insert into agent values ('354174', 'wztvu', 'wuggscdee', '169844');
insert into agent values ('201783', 'mkqshkwwurvw', 'idtdybhxqntfhlpberkr', '136353');
insert into agent values ('635970', 'cmwzfwziegw', 'fpeztsvcru', '190866');
insert into agent values ('991450', 'fyrypnglgkykwxlbza', 'wllwkzhwvbfeok', '40358');
insert into agent values ('232051', 'ebufawpu', 'npizvblhclsjofrp', '31701');
insert into agent values ('608827', 'zrgzlqzjclwxfudqfn', 'orfjwcgqthteugfmwrcr', '170139');
insert into agent values ('437700', 'dzfhntllsxkal', 'svhsyzacfzckpry', '158476');
insert into agent values ('350030', 'iitimj', 'oaacnelmus', '208963');
insert into client values ('564235', 'gaqhrd', 'queusylxaeplsaczc', '253575', '-271709');
insert into client values ('516954', 'sibygb', 'mmmth', '866274', '480650');
insert into client values ('160707', 'hdtxynekl', 'thrzj', '727998', '-104832');
insert into client values ('315955', 'pkebuewdnpmsj', 'jzyoapavqqqzazt', '522592', '-83557');
insert into client values ('953814', 'pvdntyx', 'sehncpnnzhvk', '894328', '-140535');
insert into client values ('147880', 'qjqdseyldnfqbggobxt', 'tyihzixmannwcjtlji', '500361', '-163280');
insert into client values ('745172', 'ddsvlxyqlizakgmmxk', 'rnccvttobuyyexsja', '219041', '31257');
insert into client values ('963093', 'clqnxpemrhlxjrmlj', 'uggdu', '233813', '31716');
insert into client values ('607265', 'lrwcon', 'xenlmueigizyjvciv', '397962', '59852');
insert into client values ('180711', 'hglgawvdc', 'truhi', '948095', '-451898');
insert into client values ('910416', 'oarhroggslqrpvmwd', 'byjgmmskpoltbpsdo', '25879', '-316887');
insert into client values ('304636', 'ysfuwo', 'synhnuloolllnk', '472948', '-19501');
insert into client values ('723793', 'vawpgumhqhizprgy', 'tacucghfhq', '606268', '-81263');
insert into client values ('262264', 'hpcoyuumhcsjwfot', 'puqmpdbcfgjlyzzoc', '930299', '266135');
insert into client values ('389880', 'qphhphdlbctaelub', 'cvxofppnpeimewqs', '325934', '-486058');
insert into client values ('369116', 'xlrtzfeekgsx', 'jncexfxxxolcocdg', '784091', '203865');
insert into client values ('149045', 'hdhdbupdpl', 'zimoubiyhlhjdb', '584061', '-308945');
insert into client values ('730181', 'snttkjzsbqttirzikb', 'gdabodotrowytoxoqt', '480471', '147314');
insert into client values ('384380', 'aihen', 'wexqg', '784353', '-414152');
insert into client values ('620859', 'laivciulzar', 'pjdszatlev', '751752', '-378553');
insert into client values ('239213', 'bcvzhsbehtvuc', 'hkmgy', '109446', '-201684');
insert into client values ('729150', 'fpvimpkbnewets', 'sfjeayhsjgitppfolcxl', '41222', '209021');
insert into client values ('917858', 'gytrg', 'wbpeicpxkylu', '20114', '-123860');
insert into client values ('445972', 'lhuqqzf', 'aniievti', '487959', '113033');
insert into client values ('419235', 'azusrsxnbnr', 'qygelgwmonubcswnd', '75259', '214856');
insert into client values ('610010', 'rvvdwajz', 'achqgwpuzuwwnse', '25049', '-308987');
insert into client values ('551623', 'qmeurnqeyttdthqqsm', 'vlorl', '894837', '92442');
insert into client values ('957927', 'lxmlgssqelzggdfn', 'hnzcxhqvtxqpc', '514408', '354521');
insert into client values ('685496', 'slgmfhgrkh', 'dzdbzfkftxujpgrfm', '819820', '-302249');
insert into client values ('273861', 'kiryvgvzubi', 'ycrglgaoutgkdftano', '236690', '-117197');
insert into client values ('101815', 'lgvygdk', 'zwwpxargn', '436253', '-238280');
insert into client values ('437414', 'iombjwyad', 'pvpwpcfaaullmbe', '474685', '-55672');
insert into client values ('520007', 'fugtmkfds', 'afsbadhvotoe', '948078', '167436');
insert into client values ('589982', 'yehxfykiunofvjtf', 'uecyqvdaubq', '147050', '-231825');
insert into client values ('470729', 'psnpvnoayisitgbqple', 'ppmfaykiqqgajsshlb', '352966', '-416437');
insert into client values ('183706', 'wgoaedtmizlw', 'rtmyub', '822900', '-333673');
insert into client values ('115391', 'ocdswgsvjgyefzohwm', 'xumhxslt', '775543', '322489');
insert into client values ('507371', 'vjfqhady', 'zvopgatazothwfxtb', '834522', '463779');
insert into client values ('326154', 'hwqwtuyrrlmf', 'zhwigftjoxlirpofft', '646032', '-474897');
insert into client values ('165371', 'jfvngmfnpglhzeypt', 'swgeuovgvm', '700431', '233450');
insert into client values ('104172', 'xhlmpddnbtnzre', 'kpwxoodbemky', '191010', '-483875');
insert into client values ('876714', 'gzicegqd', 'obywmeeptmepnhtnb', '110697', '23456');
insert into client values ('381430', 'koetjhf', 'drkye', '776182', '436392');
insert into client values ('672676', 'qnczkjjw', 'vvqgg', '306174', '467774');
insert into client values ('843878', 'vzgkpat', 'izxfmkqwuaqqikwwwn', '292756', '252397');
insert into client values ('949569', 'mpbkforapbbxxleniyf', 'gkfxi', '385803', '183031');
insert into client values ('635437', 'mhjwsgixhi', 'shkwd', '258190', '-168120');
insert into client values ('553786', 'bmkobz', 'juqhrokdrsurr', '681336', '234753');
insert into client values ('315210', 'vlsjiddz', 'jtslvuqcjfa', '436081', '206043');
insert into client values ('341014', 'hmeaczrzrpn', 'pgkqyigamcsxfscgpidn', '450264', '102207');
insert into advises values ('126838', '520007');
insert into advises values ('625710', '607265');
insert into advises values ('354174', '553786');
insert into advises values ('333897', '589982');
insert into advises values ('625710', '620859');
insert into advises values ('201783', '470729');
insert into advises values ('122759', '101815');
insert into advises values ('232051', '553786');
insert into advises values ('201783', '470729');
insert into advises values ('635970', '635437');
insert into advises values ('437700', '304636');
insert into advises values ('734408', '315210');
insert into advises values ('885103', '685496');
insert into advises values ('201783', '115391');
insert into advises values ('823178', '520007');
insert into advises values ('796520', '953814');
insert into advises values ('823178', '315210');
insert into advises values ('437700', '963093');
insert into advises values ('201783', '341014');
insert into advises values ('354174', '147880');
insert into advises values ('823178', '729150');
insert into advises values ('439468', '160707');
insert into advises values ('796520', '957927');
insert into advises values ('823178', '520007');
insert into advises values ('126838', '183706');
insert into advises values ('354174', '520007');
insert into advises values ('991450', '115391');
insert into advises values ('122759', '147880');
insert into advises values ('991450', '381430');
insert into advises values ('201783', '445972');
insert into advises values ('437700', '262264');
insert into advises values ('267936', '607265');
insert into advises values ('823178', '384380');
insert into advises values ('777044', '160707');
insert into advises values ('232051', '610010');
insert into advises values ('350030', '326154');
insert into advises values ('625710', '589982');
insert into advises values ('608827', '470729');
insert into advises values ('350030', '104172');
insert into advises values ('991450', '262264');
insert into advises values ('991450', '516954');
insert into advises values ('885103', '326154');
insert into advises values ('439468', '273861');
insert into advises values ('991450', '843878');
insert into advises values ('625710', '101815');
insert into advises values ('122759', '147880');
insert into advises values ('354174', '183706');
insert into advises values ('439468', '917858');
insert into advises values ('437700', '437414');
insert into advises values ('608827', '149045');
insert into advises values ('126838', '507371');
insert into advises values ('333897', '381430');
insert into advises values ('267936', '437414');
insert into advises values ('439468', '957927');
insert into advises values ('608827', '957927');
insert into advises values ('439468', '239213');
insert into advises values ('777044', '516954');
insert into advises values ('201783', '381430');
insert into advises values ('625710', '381430');
insert into advises values ('796520', '369116');
insert into advises values ('635970', '147880');
insert into advises values ('625710', '147880');
insert into advises values ('333897', '610010');
insert into advises values ('350030', '729150');
insert into advises values ('232051', '384380');
insert into advises values ('608827', '723793');
insert into advises values ('823178', '384380');
insert into advises values ('333897', '729150');
insert into advises values ('635970', '685496');
insert into advises values ('354174', '183706');
insert into advises values ('350030', '876714');
insert into advises values ('350030', '843878');
insert into advises values ('625710', '551623');
insert into advises values ('437700', '723793');
insert into advises values ('991450', '610010');
insert into advises values ('350030', '564235');
insert into advises values ('608827', '949569');
insert into advises values ('991450', '104172');
insert into advises values ('625710', '507371');
insert into advises values ('267936', '672676');
insert into advises values ('823178', '239213');
insert into advises values ('991450', '262264');
insert into advises values ('885103', '876714');
insert into advises values ('777044', '445972');
insert into advises values ('796520', '953814');
insert into advises values ('635970', '729150');
insert into advises values ('232051', '304636');
insert into advises values ('126838', '315955');
insert into advises values ('394474', '723793');
insert into advises values ('777044', '115391');
insert into advises values ('885103', '183706');
insert into advises values ('350030', '745172');
insert into advises values ('122759', '115391');
insert into advises values ('437700', '369116');
insert into advises values ('991450', '607265');
insert into advises values ('439468', '917858');
insert into advises values ('823178', '957927');
insert into advises values ('734408', '160707');
insert into advises values ('126838', '876714');
insert into advises values ('437700', '315955');
insert into investee values ('286827', 'BHNPOUSYTWF', '2.7171307868e+11', '845.806146032');
insert into investee values ('955483', 'IXQOIDTDLQXGFA', '1.52658147513e+11', '788.565209145');
insert into investee values ('420203', 'PRSNUEOETPQYQATT', '9.38906646348e+11', '174.636301776');
insert into investee values ('373063', 'NDMNQYXJVAZEWDQYUID', '3.45366812264e+11', '755.294878017');
insert into investee values ('429348', 'QJWNDEJBURBT', '7.8521503681e+11', '205.980069611');
insert into investee values ('772150', 'VQQRLKBQRC', '5.27352092038e+11', '530.753456101');
insert into investee values ('860653', 'JURZCVXAHLZREAZHV', '51426809181.1', '49.5296939468');
insert into investee values ('757047', 'DQKJOKARDZIFNB', '8.8018835523e+11', '458.086636924');
insert into investee values ('769410', 'TMQBINHUXEACQRZ', '7.26787426965e+11', '332.600139541');
insert into investee values ('931013', 'BHYHDTRNVHK', '3.26215338306e+11', '965.609696034');
insert into investee values ('793665', 'AOYQRYMLVVCBVO', '3.6206299077e+11', '419.236089955');
insert into investee values ('684987', 'TVOBQOKUAHEZSXYFN', '3.49618136252e+11', '749.648064057');
insert into investee values ('457618', 'FJGIWEBTMTANHLB', '2.66351912394e+11', '148.788958102');
insert into investee values ('375198', 'NLRGWHKURAZGRAFHRXPA', '57300218364.8', '354.898589392');
insert into investee values ('286024', 'ILYXWOAQXJWJTQHBZ', '1.93167999276e+11', '179.496619254');
insert into investee values ('476644', 'EBZHNBSPDGNWOZWD', '2.96939855076e+11', '708.814552645');
insert into investee values ('683429', 'WVIGFZJLGQCCNBZNXYX', '7.80899654947e+11', '378.592727339');
insert into investee values ('126309', 'LVMMULNJTADUZL', '3.44055772414e+11', '277.926212994');
insert into investee values ('366003', 'IZFAVDXTJSOJMXDWHOL', '1.30118002037e+11', '18.8933619777');
insert into investee values ('300837', 'ZBQFHBUYQSTHTAAXWN', '9.39665730301e+11', '57.8205037758');
insert into investee values ('675248', 'QVTDHHBBPAABHPHKD', '2.94753631225e+11', '545.431099101');
insert into investee values ('637451', 'QJSGNPKPKHMABL', '5.68317801286e+11', '938.865222329');
insert into investee values ('390345', 'BLWYDBKCQMCKP', '6.19587605207e+11', '627.665533469');
insert into investee values ('272754', 'YFBHCOPRSMZC', '8.50239067792e+11', '707.823666081');
insert into investee values ('413051', 'HJHCFVOVMHSM', '5.53336407889e+11', '916.611970909');
insert into investee values ('124090', 'YSIALZWVDZDTP', '3.62763245661e+11', '729.40910015');
insert into investee values ('132585', 'ZXDWLDZROQFSZXYIG', '2.88641838799e+11', '28.1762663153');
insert into investee values ('245999', 'SWMZQLWSGWMCVJGM', '8.19801817017e+11', '397.693482828');
insert into investee values ('973261', 'VCMKRMLWDZBGHML', '6.3353401062e+11', '462.204534043');
insert into investee values ('466948', 'IURFDJMQJEGEXUGUELFV', '9.19464770236e+11', '43.5921343868');
insert into transaction values ('933578', '122759', '183706', '245999', '8519.74108624', '130.355378044', '33317.8221041', '3', '5', '2012');
insert into transaction values ('174389', '201783', '730181', '132585', '3981.98206807', '557.020066456', '66541.3174855', '20', '2', '2007');
insert into transaction values ('746241', '333897', '315955', '675248', '5230.73663674', '20.9568200784', '3288.58819721', '10', '10', '2011');
insert into transaction values ('949635', '885103', '953814', '126309', '6261.70923407', '329.839972753', '61960.8600945', '2', '3', '2011');
insert into transaction values ('506772', '885103', '101815', '684987', '1507.35436752', '573.457670565', '25932.1177295', '12', '7', '2012');
insert into transaction values ('386424', '625710', '384380', '286827', '6691.04562943', '683.366154733', '137173.023688', '7', '7', '2012');
insert into transaction values ('561631', '267936', '384380', '124090', '1486.3573298', '839.23412222', '37422.0536695', '10', '12', '2016');
insert into transaction values ('708267', '991450', '917858', '772150', '2356.92651104', '40.3275253608', '2851.47040942', '8', '8', '2010');
insert into transaction values ('713986', '625710', '672676', '286827', '5145.84840919', '402.428405536', '62125.0671131', '30', '9', '2012');
insert into transaction values ('820318', '201783', '876714', '466948', '5784.04791062', '674.566084706', '117051.676585', '4', '9', '2015');
insert into transaction values ('998114', '991450', '520007', '457618', '3334.96254665', '679.373662384', '67970.5715769', '7', '1', '2013');
insert into transaction values ('902329', '439468', '963093', '860653', '1698.46181288', '917.854903449', '46768.2450982', '1', '10', '2007');
insert into transaction values ('500366', '777044', '553786', '637451', '5242.12540657', '103.703820254', '16308.8529274', '18', '6', '2007');
insert into transaction values ('958795', '439468', '437414', '973261', '8599.23940839', '391.644447177', '101035.330927', '2', '5', '2013');
insert into transaction values ('315482', '734408', '843878', '637451', '5565.54615333', '335.400905327', '56000.676554', '31', '7', '2009');
insert into transaction values ('540954', '608827', '470729', '772150', '33.2295328401', '695.576073783', '693.410039598', '3', '2', '2015');
insert into transaction values ('976092', '267936', '620859', '757047', '3095.8348582', '389.634725353', '36187.3429413', '10', '7', '2012');
insert into transaction values ('300645', '823178', '326154', '413051', '3773.50428702', '447.803841712', '50693.6914933', '23', '5', '2014');
insert into transaction values ('568738', '823178', '101815', '457618', '6291.39098622', '201.687184828', '38066.7880999', '8', '1', '2009');
insert into transaction values ('946909', '796520', '516954', '390345', '6521.56957389', '401.459903893', '78544.460831', '9', '9', '2015');
insert into transaction values ('567145', '354174', '389880', '245999', '9696.8238837', '908.623624215', '264322.897818', '16', '11', '2011');
insert into transaction values ('473518', '439468', '419235', '429348', '1507.51191204', '30.0801461902', '1360.38536093', '13', '7', '2014');
insert into transaction values ('553257', '991450', '957927', '272754', '4492.5653865', '973.835762747', '131250.625196', '11', '6', '2002');
insert into transaction values ('134418', '394474', '723793', '757047', '222.796535602', '224.865443457', '1502.97725336', '19', '2', '2011');
insert into transaction values ('534011', '777044', '589982', '286827', '3566.30925814', '697.14607912', '74587.1554873', '14', '1', '2000');
insert into transaction values ('700313', '635970', '553786', '466948', '8717.38041311', '31.3950657165', '8210.48192837', '21', '3', '2008');
insert into transaction values ('289914', '885103', '437414', '272754', '2234.65607328', '767.601245282', '51459.7435388', '9', '12', '2015');
insert into transaction values ('684409', '823178', '326154', '457618', '2082.56844383', '437.059164301', '27306.1687098', '13', '6', '2015');
insert into transaction values ('192170', '350030', '315210', '390345', '9041.67011416', '895.001268842', '242769.186739', '8', '10', '2015');
insert into transaction values ('609899', '354174', '607265', '684987', '6910.86321615', '159.783462501', '33127.2496064', '5', '1', '2009');
insert into transaction values ('904190', '991450', '470729', '286024', '9555.3105868', '921.819292489', '264248.089339', '1', '12', '2009');
insert into transaction values ('580847', '350030', '470729', '769410', '5946.97541833', '193.406820713', '34505.5682556', '3', '9', '2001');
insert into transaction values ('219724', '625710', '273861', '375198', '15.9048431668', '480.736666296', '229.381238459', '18', '1', '2004');
insert into transaction values ('484042', '823178', '341014', '300837', '1599.4584703', '659.822360054', '31660.7538805', '29', '11', '2003');
insert into transaction values ('979453', '437700', '685496', '429348', '6842.65899929', '184.98519396', '37973.7180656', '20', '5', '2005');
insert into transaction values ('528471', '232051', '180711', '272754', '9960.53709564', '980.661001525', '293037.308518', '9', '7', '2001');
insert into transaction values ('361408', '350030', '381430', '413051', '6339.68139866', '723.292321763', '137563.286342', '31', '4', '2008');
insert into transaction values ('728602', '437700', '589982', '420203', '9489.78614695', '458.095802956', '130416.936146', '31', '1', '2000');
insert into transaction values ('379084', '437700', '730181', '769410', '4.95604413877', '794.395930218', '118.111838814', '13', '1', '2006');
insert into transaction values ('999012', '823178', '262264', '390345', '346.242122808', '52.2737697947', '542.981430626', '19', '7', '2010');
insert into transaction values ('909979', '734408', '516954', '132585', '9319.34296047', '293.429570677', '82037.1241165', '22', '11', '2001');
insert into transaction values ('981133', '201783', '963093', '684987', '5598.15399675', '205.215808143', '34464.8908966', '21', '12', '2004');
insert into transaction values ('409923', '991450', '315955', '272754', '35.8095118374', '801.581749919', '861.12753487', '5', '2', '2009');
insert into transaction values ('576776', '232051', '341014', '757047', '1378.558144', '704.020127097', '29115.9803924', '6', '1', '2005');
insert into transaction values ('184488', '796520', '610010', '366003', '2540.85917774', '439.746911173', '33520.0492541', '9', '7', '2001');
insert into transaction values ('500542', '885103', '917858', '772150', '5322.84712596', '533.576066184', '85204.3149109', '10', '5', '2000');
insert into transaction values ('142740', '333897', '160707', '413051', '9531.17054314', '692.272814351', '197945.107679', '31', '9', '2012');
insert into transaction values ('482339', '885103', '341014', '286827', '6207.51923984', '107.523680327', '20023.659431', '14', '3', '2012');
insert into transaction values ('771880', '333897', '672676', '366003', '4326.59672876', '968.707522732', '125736.203969', '15', '12', '2000');
insert into transaction values ('128165', '625710', '672676', '683429', '7193.30570407', '824.175602691', '177856.41192', '10', '9', '2000');
insert into transaction values ('139082', '608827', '389880', '124090', '6436.78519044', '335.028506887', '64695.1959452', '28', '2', '2005');
insert into transaction values ('291419', '823178', '729150', '973261', '790.160273172', '81.5253884298', '1932.54369576', '1', '7', '2011');
insert into transaction values ('909553', '267936', '239213', '286024', '4686.94391266', '474.986547282', '66787.0591914', '10', '4', '2009');
insert into transaction values ('919862', '439468', '369116', '684987', '3763.41140233', '377.426737253', '42612.3625957', '12', '1', '2014');
insert into transaction values ('823482', '796520', '369116', '793665', '3909.78735725', '995.482421554', '116763.737585', '29', '9', '2013');
insert into transaction values ('274403', '350030', '369116', '286024', '2298.6612444', '833.521049929', '57479.4760158', '11', '3', '2003');
insert into transaction values ('292639', '635970', '876714', '413051', '5132.79907718', '971.254167912', '149557.574903', '31', '1', '2003');
insert into transaction values ('483196', '333897', '389880', '675248', '9356.82071339', '369.94375768', '103844.92244', '30', '9', '2013');
insert into transaction values ('385532', '201783', '165371', '476644', '3637.66373371', '619.244702711', '67578.1199202', '27', '6', '2006');
insert into transaction values ('394943', '333897', '723793', '375198', '6699.3061558', '66.0653218921', '13277.7545291', '5', '4', '2005');
insert into transaction values ('842614', '625710', '384380', '420203', '6898.77067167', '285.52112095', '59092.3420605', '4', '2', '2007');
insert into transaction values ('962691', '885103', '470729', '366003', '769.590050901', '108.892013106', '2514.06629727', '2', '6', '2010');
insert into transaction values ('765152', '232051', '610010', '300837', '4510.48074028', '661.563369723', '89519.0651282', '9', '6', '2008');
insert into transaction values ('822743', '394474', '445972', '683429', '524.923773309', '843.921203728', '13289.8290791', '26', '1', '2005');
insert into transaction values ('560645', '625710', '384380', '124090', '8228.01006402', '819.230508412', '202219.106039', '18', '11', '2000');
insert into transaction values ('627185', '354174', '147880', '245999', '2185.41567608', '246.172458953', '16139.6745245', '29', '9', '2002');
insert into transaction values ('456431', '823178', '876714', '286827', '5358.21871971', '11.9080554336', '1914.17896619', '27', '4', '2001');
insert into transaction values ('623222', '625710', '326154', '772150', '6438.53239916', '318.371536112', '61495.3635068', '1', '1', '2000');
insert into transaction values ('227046', '354174', '384380', '366003', '789.759962578', '446.099162577', '10569.3377383', '6', '2', '2001');
insert into transaction values ('453549', '267936', '273861', '955483', '272.847522813', '16.5617422829', '135.564910661', '12', '8', '2001');
insert into transaction values ('942301', '350030', '620859', '429348', '2368.13167514', '664.461518147', '47205.971041', '1', '11', '2004');
insert into transaction values ('222835', '267936', '304636', '286024', '1526.32860402', '579.08666395', '26516.2961818', '5', '11', '2010');
insert into transaction values ('262452', '823178', '589982', '476644', '1378.3529508', '540.40419838', '22346.0316438', '8', '11', '2007');
insert into transaction values ('102734', '823178', '949569', '366003', '2441.06775715', '431.072601903', '31568.3228849', '23', '5', '2009');
insert into transaction values ('264044', '267936', '953814', '769410', '278.323326193', '201.810968324', '1685.06099898', '5', '6', '2008');
insert into transaction values ('240831', '350030', '723793', '286024', '3473.24024434', '993.991781257', '103571.167716', '15', '10', '2006');
insert into transaction values ('322867', '201783', '315955', '637451', '9472.35210075', '431.849614081', '122718.947975', '31', '11', '2008');
insert into transaction values ('780976', '437700', '180711', '429348', '8971.04986001', '481.114878233', '129483.166831', '25', '8', '2012');
insert into transaction values ('370695', '201783', '685496', '955483', '3913.29189694', '675.806338559', '79338.8240576', '26', '7', '2013');
insert into transaction values ('137966', '991450', '620859', '366003', '3953.53031631', '879.583543835', '104323.806189', '29', '8', '2011');
insert into transaction values ('459192', '439468', '843878', '860653', '8842.97625359', '546.941946005', '145097.839219', '8', '9', '2004');
insert into transaction values ('983938', '126838', '239213', '466948', '3336.85192704', '269.98149197', '27026.6478523', '16', '7', '2016');
insert into transaction values ('831541', '635970', '610010', '390345', '9718.61467644', '742.061731698', '216354.361095', '30', '5', '2001');
insert into transaction values ('201159', '354174', '635437', '286827', '4678.533089', '431.111151784', '60509.0336598', '19', '11', '2007');
insert into transaction values ('914817', '354174', '160707', '286827', '9704.43939061', '35.0470284051', '10203.3528894', '19', '10', '2012');
insert into transaction values ('763997', '823178', '341014', '684987', '5901.70169735', '865.915105401', '153311.179419', '9', '5', '2004');
insert into transaction values ('234222', '796520', '419235', '457618', '7256.23371791', '910.370578789', '198175.850688', '21', '11', '2002');
insert into transaction values ('719089', '823178', '516954', '457618', '7472.44460181', '249.015190558', '55822.5664937', '11', '3', '2001');
insert into transaction values ('371144', '796520', '369116', '420203', '6672.96598245', '920.433793228', '184260.701739', '16', '7', '2010');
insert into transaction values ('717523', '333897', '589982', '973261', '1921.37230423', '757.280213584', '43650.5168676', '29', '8', '2010');
insert into transaction values ('880843', '232051', '507371', '124090', '2632.69160295', '567.222484792', '44799.6561814', '31', '3', '2011');
insert into transaction values ('405954', '232051', '326154', '375198', '2580.35671534', '346.947875136', '26857.4783844', '17', '11', '2012');
insert into transaction values ('302207', '126838', '470729', '683429', '795.513891065', '982.575235773', '23449.5674722', '10', '10', '2005');
insert into transaction values ('897520', '126838', '180711', '683429', '6112.90458186', '662.399082674', '121475.471625', '31', '4', '2009');
insert into transaction values ('420693', '122759', '729150', '366003', '2233.8297642', '454.250978588', '30441.5806915', '20', '7', '2000');
insert into transaction values ('257422', '232051', '723793', '931013', '89.6387985284', '439.828890163', '1182.77199817', '26', '7', '2009');
insert into transaction values ('296965', '991450', '589982', '931013', '2899.69858325', '117.237260468', '10198.5815425', '31', '12', '2010');
insert into transaction values ('451142', '122759', '635437', '390345', '4262.84202344', '242.773998509', '31047.2160914', '8', '3', '2015');
insert into transaction values ('375183', '201783', '957927', '675248', '3916.42683856', '732.382604293', '86049.6866264', '28', '8', '2010');
insert into transaction values ('716323', '122759', '507371', '420203', '3947.01053086', '317.120709043', '37550.3633443', '29', '10', '2012');
insert into transaction values ('836005', '991450', '304636', '793665', '1051.13322765', '173.368294141', '5466.99523777', '3', '9', '2002');
insert into transaction values ('216389', '608827', '160707', '132585', '6964.54325212', '817.89009862', '170886.92902', '21', '3', '2003');
insert into transaction values ('516131', '333897', '470729', '373063', '4896.80750887', '140.068194106', '20576.6095396', '11', '1', '2011');
insert into transaction values ('367217', '232051', '620859', '286827', '8825.26238715', '935.396489936', '247653.583791', '8', '7', '2002');
insert into transaction values ('809347', '635970', '273861', '413051', '6099.32248914', '823.043916922', '150600.308161', '27', '10', '2007');
insert into transaction values ('804019', '333897', '183706', '772150', '4650.598053', '28.7343043557', '4008.95099673', '22', '11', '2015');
insert into transaction values ('340268', '333897', '437414', '366003', '8652.29792256', '694.030379538', '180148.728332', '14', '3', '2008');
insert into transaction values ('813886', '122759', '953814', '955483', '6882.41685082', '603.2193222', '124548.204835', '27', '3', '2015');
insert into transaction values ('187568', '437700', '516954', '245999', '2110.60721854', '334.328937894', '21169.1120906', '6', '4', '2006');
insert into transaction values ('532002', '126838', '564235', '476644', '1217.40822755', '465.547957509', '17002.8574138', '25', '7', '2005');
insert into transaction values ('680400', '823178', '147880', '757047', '750.895427569', '581.977185093', '13110.1202171', '23', '2', '2005');
insert into transaction values ('271957', '439468', '389880', '366003', '1931.74581377', '80.078556451', '4640.74248591', '21', '12', '2011');
insert into transaction values ('253922', '126838', '963093', '420203', '2688.64825382', '983.732327219', '79347.3061141', '20', '1', '2015');
insert into transaction values ('980333', '777044', '104172', '684987', '6641.2624968', '804.596028822', '160306.002939', '27', '6', '2007');
insert into transaction values ('914375', '333897', '963093', '757047', '8000.14028117', '846.341344741', '203125.484511', '9', '8', '2011');
insert into transaction values ('830944', '437700', '445972', '675248', '4896.23128031', '65.3968579512', '9605.94424605', '15', '1', '2007');
insert into transaction values ('582845', '796520', '730181', '375198', '4681.40965566', '217.73231877', '30578.8253831', '23', '4', '2005');
insert into transaction values ('499222', '122759', '183706', '245999', '5601.37931559', '65.642355639', '11030.6319931', '26', '8', '2005');
insert into transaction values ('370929', '201783', '620859', '973261', '2664.88129369', '594.838207692', '47555.1963735', '7', '12', '2000');
insert into transaction values ('461592', '267936', '115391', '373063', '4434.18711419', '991.617134265', '131910.477569', '19', '9', '2006');
insert into transaction values ('497361', '333897', '520007', '637451', '6815.98374904', '638.418793585', '130543.563665', '9', '5', '2009');
insert into transaction values ('208530', '734408', '326154', '124090', '1242.4347758', '773.780193861', '28841.1426505', '27', '3', '2006');
insert into transaction values ('872545', '201783', '730181', '420203', '5094.86176079', '163.52025596', '24993.3929761', '26', '9', '2011');
insert into transaction values ('917588', '354174', '564235', '973261', '4551.17183145', '924.718683499', '126256.608731', '25', '3', '2000');
insert into transaction values ('307785', '122759', '239213', '126309', '1554.20976892', '83.161698106', '3877.52170789', '31', '2', '2012');
insert into transaction values ('617355', '232051', '437414', '366003', '6936.03782493', '406.384062961', '84560.8569644', '8', '2', '2009');
insert into transaction values ('682661', '796520', '180711', '793665', '1204.18977878', '827.463070403', '29892.6771508', '22', '11', '2010');
insert into transaction values ('710438', '608827', '589982', '373063', '6159.70674976', '360.616191757', '66638.6997131', '5', '5', '2002');
insert into transaction values ('741471', '823178', '957927', '300837', '1356.50601314', '635.097773527', '25845.4184615', '29', '7', '2013');
insert into transaction values ('989842', '267936', '315210', '637451', '8612.60745101', '832.228994571', '215029.849188', '24', '12', '2009');
insert into transaction values ('305145', '734408', '723793', '300837', '4303.09638678', '425.770259086', '54963.9139042', '4', '8', '2007');
insert into transaction values ('235672', '126838', '635437', '390345', '7860.95351701', '98.9915584671', '23345.0411906', '28', '9', '2015');
insert into transaction values ('345177', '991450', '183706', '793665', '5961.27537621', '583.866661085', '104417.698492', '11', '7', '2014');
insert into transaction values ('924851', '885103', '607265', '126309', '2256.7435171', '293.591313425', '19876.8087974', '15', '10', '2012');
insert into transaction values ('681795', '350030', '635437', '413051', '5435.60911198', '738.976004854', '120503.541166', '18', '9', '2010');
insert into transaction values ('503683', '608827', '180711', '955483', '1376.91634067', '118.992364884', '4915.27594873', '26', '7', '2009');
insert into transaction values ('852359', '796520', '437414', '124090', '128.056286309', '289.107889973', '1110.66248198', '23', '12', '2013');
insert into transaction values ('509433', '333897', '635437', '245999', '6904.71450619', '4.84588667008', '1003.78391959', '13', '10', '2007');
insert into transaction values ('467740', '394474', '635437', '675248', '4712.69425397', '53.5636986697', '7572.88004826', '4', '2', '2010');
insert into transaction values ('255859', '201783', '564235', '286024', '5075.83102065', '582.426090812', '88688.8925693', '11', '7', '2007');
insert into transaction values ('556986', '734408', '341014', '126309', '5537.21440898', '46.8392056769', '7780.76173737', '18', '7', '2008');
insert into transaction values ('275027', '122759', '917858', '793665', '8059.94906647', '165.467256689', '40009.7298324', '6', '11', '2009');
insert into transaction values ('107160', '885103', '470729', '457618', '4006.89079176', '796.588261382', '95755.2650806', '29', '10', '2004');
insert into transaction values ('589723', '823178', '957927', '860653', '8153.30119582', '784.347674587', '191850.684994', '21', '1', '2012');
insert into transaction values ('982445', '885103', '115391', '429348', '219.334725325', '132.916211618', '874.594222993', '20', '11', '2002');
insert into transaction values ('288992', '126838', '520007', '637451', '1575.1442914', '667.180942706', '31527.187597', '24', '3', '2006');
insert into transaction values ('414034', '122759', '104172', '457618', '8377.87074305', '347.520079267', '87344.3491414', '8', '4', '2007');
insert into transaction values ('211260', '635970', '607265', '476644', '2384.13225627', '55.8986436392', '3998.09278146', '26', '6', '2015');
insert into transaction values ('397568', '333897', '551623', '420203', '7759.28307601', '117.677197922', '27392.7207081', '15', '11', '2003');
insert into transaction values ('115880', '437700', '730181', '286024', '8052.41554231', '22.840982958', '5517.75258518', '16', '12', '2013');
insert into transaction values ('812916', '354174', '551623', '366003', '2639.80728229', '792.375803053', '62751.5824564', '24', '11', '2011');
insert into transaction values ('770496', '734408', '553786', '126309', '3984.93572957', '213.375100316', '25508.5818316', '5', '9', '2002');
insert into transaction values ('982625', '232051', '369116', '286024', '3480.29569018', '655.449841819', '68434.7777883', '31', '9', '2008');
insert into transaction values ('291636', '232051', '910416', '955483', '8992.00313203', '130.778717721', '35278.8791805', '1', '2', '2001');
insert into transaction values ('405027', '350030', '389880', '124090', '1059.53996584', '392.456316484', '12474.6945649', '21', '4', '2014');
insert into transaction values ('780915', '625710', '180711', '683429', '2983.99408426', '789.804510521', '70703.1596134', '17', '6', '2006');
insert into transaction values ('236888', '267936', '876714', '637451', '5632.21996126', '110.443391047', '18661.2441493', '12', '4', '2002');
insert into transaction values ('233782', '232051', '910416', '245999', '2226.88333623', '774.772702984', '51759.8526491', '25', '3', '2001');
insert into transaction values ('673832', '437700', '326154', '675248', '5505.58700034', '64.7365327506', '10692.3783948', '13', '5', '2005');
insert into transaction values ('524949', '439468', '445972', '466948', '2464.3112452', '409.646520372', '30284.8958013', '31', '3', '2012');
insert into transaction values ('902506', '267936', '516954', '413051', '8770.93103569', '430.993857195', '113406.521948', '9', '12', '2010');
insert into transaction values ('344291', '267936', '149045', '675248', '5460.62040553', '877.201884345', '143701.995283', '18', '12', '2002');
insert into transaction values ('250374', '232051', '729150', '375198', '2906.69377638', '418.404134227', '36485.1807891', '19', '1', '2014');
insert into transaction values ('926621', '333897', '315210', '675248', '7761.72488568', '975.990376004', '227261.063688', '4', '2', '2011');
insert into transaction values ('896914', '885103', '273861', '286827', '281.71287253', '78.060877414', '659.722620256', '10', '9', '2007');
insert into transaction values ('289178', '439468', '165371', '366003', '8221.87109445', '742.605371672', '183168.169198', '30', '2', '2002');
insert into transaction values ('948792', '232051', '589982', '466948', '6692.24270788', '542.963614126', '109009.328618', '3', '1', '2003');
insert into transaction values ('930372', '201783', '917858', '272754', '6034.41361771', '132.106990838', '23915.6467353', '26', '7', '2014');
insert into transaction values ('918185', '991450', '160707', '769410', '6232.56579634', '26.6075166194', '4974.99294023', '13', '5', '2016');
insert into transaction values ('487544', '796520', '149045', '366003', '6971.71437299', '489.975871343', '102479.15474', '27', '10', '2015');
insert into transaction values ('167712', '823178', '957927', '132585', '7447.84843572', '170.580787182', '38113.7954693', '13', '11', '2002');
insert into transaction values ('289482', '122759', '520007', '683429', '809.406114385', '915.337442857', '22226.3916892', '20', '4', '2015');
insert into transaction values ('162585', '625710', '104172', '772150', '3443.74321805', '820.721643849', '84790.6378473', '2', '8', '2015');
insert into transaction values ('995691', '734408', '389880', '375198', '8914.28393068', '275.687710841', '73726.755919', '22', '1', '2013');
insert into transaction values ('765905', '394474', '564235', '124090', '9334.99176562', '475.700275999', '133219.744781', '4', '10', '2002');
insert into transaction values ('202097', '608827', '876714', '124090', '6104.89227861', '89.8269460766', '16451.5148854', '1', '5', '2001');
insert into transaction values ('138111', '439468', '165371', '769410', '6836.20743217', '830.840997027', '170394.041965', '25', '1', '2014');
insert into transaction values ('635424', '608827', '262264', '931013', '2514.47828905', '443.731153824', '33472.5705739', '14', '9', '2010');
insert into transaction values ('779354', '439468', '470729', '683429', '4507.98677971', '797.286305552', '107824.683752', '2', '3', '2015');
insert into transaction values ('607947', '635970', '262264', '286827', '1537.77769341', '466.652678224', '21528.2423743', '10', '8', '2011');
insert into transaction values ('881673', '635970', '672676', '420203', '9548.95668929', '878.985259125', '251801.765097', '25', '3', '2011');
insert into transaction values ('743484', '608827', '381430', '683429', '2334.67897755', '423.500869862', '29662.1573352', '18', '3', '2003');
insert into transaction values ('676481', '608827', '963093', '373063', '9913.04085522', '826.539618668', '245805.630249', '20', '10', '2004');
insert into transaction values ('874422', '201783', '165371', '860653', '4784.05132925', '654.314328006', '93908.1999192', '9', '6', '2002');
insert into transaction values ('753929', '122759', '507371', '757047', '8156.65096605', '557.782060857', '136489.007566', '13', '10', '2006');
insert into transaction values ('542289', '777044', '635437', '683429', '8637.77385753', '57.0974816717', '14795.8540354', '4', '2', '2002');
insert into transaction values ('638665', '885103', '553786', '931013', '831.478431326', '480.782668022', '11992.8125585', '9', '8', '2005');
insert into transaction values ('813757', '354174', '949569', '413051', '3377.0816432', '613.531675163', '62158.3967314', '29', '4', '2013');
insert into transaction values ('683589', '232051', '910416', '286024', '6283.2671985', '798.764034357', '150565.435693', '29', '12', '2005');
insert into transaction values ('629243', '267936', '384380', '757047', '6780.7643991', '554.027670988', '112701.933227', '31', '9', '2005');
insert into transaction values ('302763', '608827', '607265', '245999', '9025.65454431', '433.313340949', '117328.095745', '18', '4', '2015');
insert into transaction values ('616264', '354174', '304636', '757047', '6696.69590719', '576.643735308', '115848.232264', '9', '9', '2002');
insert into transaction values ('966331', '354174', '101815', '457618', '6972.67820729', '271.666625582', '56827.3187952', '28', '4', '2006');
insert into transaction values ('617522', '885103', '723793', '300837', '9685.44930161', '653.824258693', '189977.451292', '27', '9', '2003');
insert into transaction values ('253001', '777044', '685496', '769410', '3641.08112403', '541.387035381', '59137.0234596', '25', '5', '2006');
insert into transaction values ('145411', '394474', '470729', '466948', '5698.63980762', '114.077522336', '19502.6012982', '29', '2', '2016');
insert into transaction values ('246677', '267936', '369116', '466948', '4843.68108288', '415.403797385', '60362.5054546', '31', '7', '2006');
insert into transaction values ('798870', '354174', '239213', '476644', '938.259524139', '541.174581637', '15232.8661633', '24', '10', '2009');
insert into transaction values ('617402', '991450', '520007', '413051', '3600.9529414', '388.058204064', '41921.3799408', '6', '7', '2014');
insert into transaction values ('975453', '333897', '876714', '286024', '9633.05177917', '223.056934346', '64461.5699478', '4', '9', '2009');
insert into transaction values ('260645', '350030', '381430', '637451', '5651.31853192', '793.866663334', '134591.801591', '20', '4', '2012');
insert into transaction values ('509301', '232051', '147880', '757047', '6773.30589653', '31.7916183557', '6460.03068206', '19', '2', '2004');
insert into transaction values ('646826', '885103', '384380', '420203', '8818.9590316', '88.7778549771', '23487.8479787', '19', '8', '2014');
insert into transaction values ('603969', '439468', '963093', '420203', '7948.93908196', '344.976729242', '82265.970163', '20', '5', '2003');
insert into transaction values ('742402', '201783', '957927', '390345', '5497.49465871', '321.18707014', '52971.7260762', '28', '9', '2009');
insert into transaction values ('362363', '201783', '304636', '375198', '6168.40272322', '367.016434189', '67917.1551635', '28', '4', '2011');
insert into transaction values ('411332', '354174', '381430', '457618', '3131.95585456', '421.581708036', '39611.2589598', '15', '12', '2013');
insert into transaction values ('190013', '635970', '341014', '769410', '1446.00089256', '108.66836742', '4714.03668847', '4', '6', '2004');
insert into transaction values ('170808', '635970', '635437', '793665', '3321.53123945', '835.164584478', '83220.7577228', '8', '11', '2000');
insert into transaction values ('816007', '734408', '551623', '126309', '2753.62620202', '618.333680461', '51079.7947233', '6', '3', '2011');
insert into transaction values ('812157', '201783', '620859', '860653', '6976.99276527', '188.552002412', '39465.7787012', '10', '1', '2004');
insert into transaction values ('423007', '350030', '149045', '126309', '7732.40729869', '232.379565704', '53905.6034973', '31', '2', '2009');
insert into transaction values ('530237', '267936', '101815', '124090', '557.0638039', '749.668824682', '12528.4010143', '5', '9', '2015');
insert into transaction values ('516784', '991450', '389880', '300837', '5610.77929285', '533.111792204', '89735.1781343', '11', '2', '2015');
insert into transaction values ('331232', '394474', '607265', '769410', '6315.19650924', '330.906497014', '62692.1866448', '28', '6', '2003');
insert into transaction values ('243288', '201783', '620859', '757047', '2726.25971256', '114.997955281', '9405.4287753', '28', '6', '2005');
insert into transaction values ('312598', '354174', '729150', '420203', '2660.57230274', '293.210020726', '23403.1938009', '29', '8', '2010');
insert into transaction values ('658909', '201783', '239213', '955483', '8066.78713444', '408.597842857', '98882.1546577', '13', '8', '2009');
insert into transaction values ('642416', '122759', '876714', '126309', '8904.07597578', '91.324913564', '24394.9190656', '30', '1', '2000');
insert into transaction values ('388072', '777044', '553786', '476644', '6334.75493815', '870.811553697', '165491.333699', '24', '11', '2016');
insert into transaction values ('973913', '126838', '389880', '955483', '6567.17972105', '596.084185029', '117437.759159', '8', '8', '2000');
insert into transaction values ('760874', '625710', '381430', '286827', '8191.62827367', '481.155869635', '118243.500772', '16', '9', '2013');
insert into transaction values ('791923', '437700', '607265', '413051', '6397.47214882', '895.672767369', '171901.247511', '27', '8', '2008');
insert into transaction values ('968115', '126838', '620859', '476644', '3765.22158834', '477.603788396', '53948.5228423', '19', '10', '2004');
insert into transaction values ('416915', '734408', '685496', '375198', '4686.52607855', '750.201965043', '105475.232201', '20', '9', '2008');
insert into transaction values ('516444', '635970', '685496', '973261', '4606.70618534', '5.37075930683', '742.245303561', '24', '12', '2007');
insert into transaction values ('185326', '991450', '917858', '955483', '3831.49376238', '596.612237095', '68577.4819497', '7', '6', '2005');
insert into transaction values ('762959', '126838', '843878', '476644', '9783.06839379', '541.653572128', '158971.018256', '21', '5', '2003');
insert into transaction values ('411666', '991450', '963093', '683429', '6196.78167769', '755.799538739', '140505.74201', '10', '2', '2000');
insert into transaction values ('842865', '232051', '419235', '757047', '7870.63628817', '890.214348355', '210196.600632', '12', '10', '2008');
insert into transaction values ('967053', '635970', '239213', '675248', '3936.1006178', '914.64563649', '108004.117646', '7', '5', '2015');
insert into transaction values ('991705', '796520', '239213', '772150', '7986.09364024', '930.802743162', '223004.336025', '31', '5', '2003');
insert into transaction values ('134331', '635970', '419235', '955483', '9747.7490027', '324.418860131', '94870.6086089', '13', '7', '2009');
insert into transaction values ('790633', '267936', '326154', '860653', '8306.3641557', '671.163968346', '167247.969878', '18', '10', '2000');
insert into transaction values ('829113', '126838', '104172', '126309', '2537.93885759', '161.177527178', '12271.7612758', '19', '11', '2009');
insert into transaction values ('325235', '232051', '672676', '272754', '386.591437576', '729.704597614', '8462.92648191', '2', '10', '2007');
insert into transaction values ('257888', '796520', '101815', '272754', '2902.79579559', '494.532020696', '43065.7641139', '8', '9', '2009');
insert into transaction values ('420605', '267936', '876714', '466948', '8246.2866506', '958.12285606', '237028.671527', '9', '11', '2016');
insert into transaction values ('286151', '777044', '165371', '366003', '7224.47668314', '661.725771213', '143418.672143', '2', '3', '2009');
insert into transaction values ('663646', '394474', '607265', '466948', '6603.09462657', '181.271856717', '35908.6566911', '11', '4', '2015');
insert into transaction values ('357506', '333897', '326154', '637451', '2996.4324241', '176.158573581', '15835.4178498', '19', '1', '2004');
insert into transaction values ('577953', '122759', '149045', '973261', '577.452011151', '82.8872245756', '1435.9018359', '21', '8', '2000');
insert into transaction values ('489345', '232051', '304636', '683429', '7190.57966317', '814.44439554', '175689.819221', '22', '2', '2006');
insert into transaction values ('744295', '734408', '843878', '772150', '1045.82774764', '98.8768349803', '3102.24412864', '27', '6', '2010');
insert into transaction values ('638610', '201783', '315210', '793665', '2645.8333094', '578.690647489', '45933.569729', '7', '3', '2006');
insert into transaction values ('105098', '823178', '389880', '286827', '5206.73154', '316.828894069', '49489.2898659', '23', '3', '2009');
insert into transaction values ('280541', '267936', '273861', '683429', '3128.83988306', '855.06324036', '80260.6790692', '3', '4', '2000');
insert into transaction values ('919909', '350030', '437414', '860653', '6530.31250102', '377.209187329', '73898.8161455', '3', '1', '2003');
insert into transaction values ('146324', '333897', '635437', '675248', '2893.93404099', '380.729257813', '33054.1607875', '7', '8', '2016');
insert into transaction values ('585445', '437700', '470729', '413051', '4060.24478648', '427.942177362', '52126.4998364', '3', '6', '2004');
